{
    "name": "root",
    "gauges": {
        "MyBehavior.Policy.Entropy.mean": {
            "value": 1.3631058931350708,
            "min": 1.3631058931350708,
            "max": 1.4193012714385986,
            "count": 10
        },
        "MyBehavior.Policy.Entropy.sum": {
            "value": 68209.8203125,
            "min": 68075.9765625,
            "max": 71788.2578125,
            "count": 10
        },
        "MyBehavior.Environment.EpisodeLength.mean": {
            "value": 19.900501672240804,
            "min": 19.900501672240804,
            "max": 135.34972677595627,
            "count": 10
        },
        "MyBehavior.Environment.EpisodeLength.sum": {
            "value": 47602.0,
            "min": 39666.0,
            "max": 61297.0,
            "count": 10
        },
        "MyBehavior.Step.mean": {
            "value": 499993.0,
            "min": 49968.0,
            "max": 499993.0,
            "count": 10
        },
        "MyBehavior.Step.sum": {
            "value": 499993.0,
            "min": 49968.0,
            "max": 499993.0,
            "count": 10
        },
        "MyBehavior.Policy.ExtrinsicValueEstimate.mean": {
            "value": 0.9022378325462341,
            "min": -0.10232952237129211,
            "max": 0.9022378325462341,
            "count": 10
        },
        "MyBehavior.Policy.ExtrinsicValueEstimate.sum": {
            "value": 2158.15283203125,
            "min": -96.59906768798828,
            "max": 2158.15283203125,
            "count": 10
        },
        "MyBehavior.Environment.CumulativeReward.mean": {
            "value": 0.9966137123801886,
            "min": 0.04398907238587004,
            "max": 0.9966137123801886,
            "count": 10
        },
        "MyBehavior.Environment.CumulativeReward.sum": {
            "value": 2383.900000013411,
            "min": 16.100000493228436,
            "max": 2383.900000013411,
            "count": 10
        },
        "MyBehavior.Policy.ExtrinsicReward.mean": {
            "value": 0.9966137123801886,
            "min": 0.04398907238587004,
            "max": 0.9966137123801886,
            "count": 10
        },
        "MyBehavior.Policy.ExtrinsicReward.sum": {
            "value": 2383.900000013411,
            "min": 16.100000493228436,
            "max": 2383.900000013411,
            "count": 10
        },
        "MyBehavior.Losses.PolicyLoss.mean": {
            "value": 0.02099101810871313,
            "min": 0.020595568911327668,
            "max": 0.02614194901349644,
            "count": 10
        },
        "MyBehavior.Losses.PolicyLoss.sum": {
            "value": 0.10495509054356564,
            "min": 0.08238227564531067,
            "max": 0.1307097450674822,
            "count": 10
        },
        "MyBehavior.Losses.ValueLoss.mean": {
            "value": 0.0016401189507450908,
            "min": 0.0016401189507450908,
            "max": 0.020285332780331376,
            "count": 10
        },
        "MyBehavior.Losses.ValueLoss.sum": {
            "value": 0.008200594753725454,
            "min": 0.008200594753725454,
            "max": 0.10142666390165687,
            "count": 10
        },
        "MyBehavior.Policy.LearningRate.mean": {
            "value": 1.6778734407119988e-05,
            "min": 1.6778734407119988e-05,
            "max": 0.00028456425514525,
            "count": 10
        },
        "MyBehavior.Policy.LearningRate.sum": {
            "value": 8.389367203559994e-05,
            "min": 8.389367203559994e-05,
            "max": 0.0012841362719546,
            "count": 10
        },
        "MyBehavior.Policy.Epsilon.mean": {
            "value": 0.10559288000000003,
            "min": 0.10559288000000003,
            "max": 0.19485475,
            "count": 10
        },
        "MyBehavior.Policy.Epsilon.sum": {
            "value": 0.5279644000000001,
            "min": 0.5003154000000001,
            "max": 0.9280454,
            "count": 10
        },
        "MyBehavior.Policy.Beta.mean": {
            "value": 0.00028908471199999997,
            "min": 0.00028908471199999997,
            "max": 0.004743252025,
            "count": 10
        },
        "MyBehavior.Policy.Beta.sum": {
            "value": 0.0014454235599999999,
            "min": 0.0014454235599999999,
            "max": 0.021409465459999995,
            "count": 10
        },
        "MyBehavior.IsTraining.mean": {
            "value": 1.0,
            "min": 1.0,
            "max": 1.0,
            "count": 10
        },
        "MyBehavior.IsTraining.sum": {
            "value": 1.0,
            "min": 1.0,
            "max": 1.0,
            "count": 10
        }
    },
    "metadata": {
        "timer_format_version": "0.1.0",
        "start_time_seconds": "1680495785",
        "python_version": "3.8.10 (tags/v3.8.10:3d8993a, May  3 2021, 11:48:03) [MSC v.1928 64 bit (AMD64)]",
        "command_line_arguments": "E:\\file kuliah\\Game Cerdas\\ETS\\ets\\venv\\Scripts\\mlagents-learn --run-id giants",
        "mlagents_version": "0.29.0",
        "mlagents_envs_version": "0.29.0",
        "communication_protocol_version": "1.5.0",
        "pytorch_version": "1.13.1+cu117",
        "numpy_version": "1.21.2",
        "end_time_seconds": "1680496556"
    },
    "total": 771.3129338,
    "count": 1,
    "self": 0.22464130000003024,
    "children": {
        "run_training.setup": {
            "total": 0.21577039999999936,
            "count": 1,
            "self": 0.21577039999999936
        },
        "TrainerController.start_learning": {
            "total": 770.8725221,
            "count": 1,
            "self": 1.3069730999966396,
            "children": {
                "TrainerController._reset_env": {
                    "total": 63.2903276,
                    "count": 1,
                    "self": 63.2903276
                },
                "TrainerController.advance": {
                    "total": 706.0598306000034,
                    "count": 36414,
                    "self": 1.2055885999941438,
                    "children": {
                        "env_step": {
                            "total": 500.4892438000108,
                            "count": 36414,
                            "self": 342.60149750001165,
                            "children": {
                                "SubprocessEnvManager._take_step": {
                                    "total": 157.2084212999979,
                                    "count": 36414,
                                    "self": 3.289504599993478,
                                    "children": {
                                        "TorchPolicy.evaluate": {
                                            "total": 153.91891670000442,
                                            "count": 25011,
                                            "self": 56.12892310001084,
                                            "children": {
                                                "TorchPolicy.sample_actions": {
                                                    "total": 97.78999359999358,
                                                    "count": 25011,
                                                    "self": 97.78999359999358
                                                }
                                            }
                                        }
                                    }
                                },
                                "workers": {
                                    "total": 0.6793250000012279,
                                    "count": 36414,
                                    "self": 0.0,
                                    "children": {
                                        "worker_root": {
                                            "total": 745.2806150000049,
                                            "count": 36414,
                                            "is_parallel": true,