{
    "name": "root",
    "metadata": {
        "timer_format_version": "0.1.0",
        "start_time_seconds": "1682917205",
        "python_version": "3.8.10 (tags/v3.8.10:3d8993a, May  3 2021, 11:48:03) [MSC v.1928 64 bit (AMD64)]",
        "command_line_arguments": "E:\\file kuliah\\Game Cerdas\\ETS\\ets\\venv\\Scripts\\mlagents-learn --force",
        "mlagents_version": "0.29.0",
        "mlagents_envs_version": "0.29.0",
        "communication_protocol_version": "1.5.0",
        "pytorch_version": "1.13.1+cu117",
        "numpy_version": "1.21.2",
        "end_time_seconds": "1682917394"
    },
    "total": 189.5288343,
    "count": 1,
    "self": 0.005656400000020767,
    "children": {
        "run_training.setup": {
            "total": 0.28044160000000007,
            "count": 1,
            "self": 0.28044160000000007
        },
        "TrainerController.start_learning": {
            "total": 189.2427363,
            "count": 1,
            "self": 0.079751599999895,
            "children": {
                "TrainerController._reset_env": {
                    "total": 64.0941764,
                    "count": 1,
                    "self": 64.0941764
                },
                "TrainerController.advance": {
                    "total": 123.74359030000008,
                    "count": 3507,
                    "self": 0.07537980000071798,
                    "children": {
                        "env_step": {
                            "total": 112.80612689999971,
                            "count": 3507,
                            "self": 96.35322549999918,
                            "children": {
                                "SubprocessEnvManager._take_step": {
                                    "total": 16.401771600000018,
                                    "count": 3507,
                                    "self": 0.2505232000005293,
                                    "children": {
                                        "TorchPolicy.evaluate": {
                                            "total": 16.15124839999949,
                                            "count": 3357,
                                            "self": 2.9181171999998554,
                                            "children": {
                                                "TorchPolicy.sample_actions": {
                                                    "total": 13.233131199999633,
                                                    "count": 3357,
                                                    "self": 13.233131199999633
                                                }
                                            }
                                        }
                                    }
                                },
                                "workers": {
                                    "total": 0.05112980000050982,
                                    "count": 3506,
                                    "self": 0.0,
                                    "children": {
                                        "worker_root": {
                                            "total": 67.28038299999966,
                                            "count": 3506,
                                            "is_parallel": true,
                                            "self": 44.705056799999845,
                                            "children": {
                                                "steps_from_proto": {
                                                    "total": 0.048859799999995346,
                                                    "count": 1,
                                                    "is_parallel": true,
                                                    "self": 0.0003075999999921919,
                                                    "children": {
                                                        "_process_rank_one_or_two_observation": {
                                                            "total": 0.048552200000003154,
                                                            "count": 2,
                                                            "is_parallel": true,
                                                            "self": 0.048552200000003154
                                                        }
                                                    }
                                                },
                                                "UnityEnvironment.step": {
                                                    "total": 22.52646639999982,
                                                    "count": 3506,
                                                    "is_parallel": true,
                                                    "self": 0.44554830000009815,
                                                    "children": {
                                                        "UnityEnvironment._generate_step_input": {
                                                            "total": 0.672248400000413,
                                                            "count": 3506,
                                                            "is_parallel": true,
                                                            "self": 0.672248400000413
                                                        },
                                                        "communicator.exchange": {
                                                            "total": 20.22659909999983,
                                                            "count": 3506,
                                                            "is_parallel": true,
                                                            "self": 20.22659909999983
                                                        },
                                                        "steps_from_proto": {
                                                            "total": 1.1820705999994772,
                                                            "count": 3506,
                                                            "is_parallel": true,
                                                            "self": 0.4783243999998348,
                                                            "children": {
                                                                "_process_rank_one_or_two_observation": {
                                                                    "total": 0.7037461999996424,
                                                                    "count": 7012,
                                                                    "is_parallel": true,
                                                                    "self": 0.7037461999996424
                                                                }
                                                            }
                                                        }
                                                    }
                                                }
                                            }
                                        }
                                    }
                                }
                            }
                        },
                        "trainer_advance": {
                            "total": 10.86208359999965,
                            "count": 3506,
                            "self": 0.10196859999929586,
                            "children": {
                                "process_trajectory": {
                                    "total": 3.896290000000363,
                                    "count": 3506,
                                    "self": 3.896290000000363
                                },
                                "_update_policy": {
                                    "total": 6.863824999999991,